word,times
call,349
free,221
txt,150
mobile,124
text,122
stop,116
claim,113
reply,101
prize,92
get,83
nokia,69
new,69
send,67
urgent,63
cash,62
win,61
contact,56
service,55
please,54
guaranteed,50
customer,49
week,49
tone,48
phone,46
box,45
ppm,44
chat,43
awarded,38
draw,38
mins,38
latest,36
line,35
receive,33
camera,33
every,33
message,32
holiday,32
landline,32
shows,31
apply,30
pobox,30
number,30
code,29
live,29
video,29
tcs,29
award,28
ringtone,27
msg,27
chance,27
entry,26
sms,26
pmin,26
orange,26
collection,26
network,25
selected,25
know,25
offer,25
tones,25
mob,24
weekly,24
back,23
valid,23
cost,23
find,23
help,23
word,22
dont,22
hrs,22
collect,22
attempt,22
yes,21
delivery,21
bonus,21
gift,21
sae,21
todays,20
vouchers,20
music,20
club,20
day,20
tscs,20
rate,20
update,19
account,19
see,19
await,19
time,19
colour,18
play,18
private,18
unsubscribe,18
price,18
poly,18
land,18
pounds,17
tried,17
waiting,17
expires,17
services,17
double,17
texts,17
final,16
winner,16
days,16
next,16
statement,16
unredeemed,16
points,16
identifier,16
top,16
join,16
today,16
games,16
pmsg,16
mobileupd,16
dating,16
dear,16
voucher,16
tell,16
auction,16
camcorder,15
trying,15
operator,15
age,15
sexy,15
ltd,15
hot,15
xmas,15
wkly,14
thanks,14
order,14
content,14
someone,14
congratulations,14
wan,14
freemsg,13
weeks,13
like,13
last,13
quiz,13
real,13
optout,13
make,13
easy,13
txts,13
mths,13
half,13
worth,13
savamob,13
offers,13
opt,13
mates,13
xxx,12
mobiles,12
info,12
national,12
complimentary,12
ampm,12
caller,12
player,12
anytime,12
phones,12
rental,12
calls,12
ipod,12
important,12
good,12
pics,12
valued,11
charged,11
special,11
dogging,11
pls,11
friend,11
hmv,11
motorola,11
messages,11
sex,11
great,11
comp,10
reward,10
wap,10
news,10
tomorrow,10
congrats,10
representative,10
speak,10
sent,10
direct,10
uks,10
txting,10
secret,10
admirer,10
thinks,10
unlimited,10
choose,10
charge,10
custcare,10
currently,10
love,10
ldn,10
welcome,10
either,10
need,10
ntt,10
enjoy,10
part,10
enter,10
fun,9
credit,9
england,9
specially,9
numbers,9
rates,9
date,9
looking,9
credits,9
fancy,9
bluetooth,9
discount,9
game,9
best,9
wwwgetzedcouk,9
charity,9
flag,9
entitled,8
use,8
inc,8
ending,8
sunshine,8
sony,8
freephone,8
ufind,8
rreveal,8
specialcall,8
answer,8
hgsuitelands,8
rowwjhl,8
terms,8
shopping,8
euro,8
area,8
matches,8
summer,8
store,8
polys,8
user,8
lucky,8
digital,8
information,8
awaiting,8
babe,8
btnationalrate,8
details,8
may,7
still,7
std,7
miss,7
etc,7
weekends,7
dvd,7
years,7
horny,7
loyalty,7
minute,7
access,7
rcvd,7
cashbalance,7
maximize,7
cashin,7
tenerife,7
visit,7
unsub,7
within,7
spree,7
pound,7
fantastic,7
well,7
could,7
bid,7
extra,7
yrs,7
give,7
skxh,7
guess,7
log,7
onto,7
got,7
croydon,7
plus,7
costa,7
sol,7
saturday,7
hours,6
months,6
link,6
replying,6
year,6
flights,6
try,6
match,6
standard,6
msgs,6
inviting,6
frnd,6
goto,6
meet,6
even,6
tncs,6
handset,6
questions,6
keep,6
calling,6
first,6
entered,6
vary,6
shop,6
announcement,6
guys,6
vodafone,6
holder,6
wwq,6
normptone,6
zed,6
asap,6
gay,6
asked,6
uve,6
sipix,6
ans,6
httpwwwurawinnercom,6
luck,6
ready,6
fantasies,6
arrive,6
arcade,6
toclaim,6
stockport,6
costå¼pm,6
maxmins,6
weekend,6
tariffs,6
night,6
cup,5
hey,5
click,5
pass,5
following,5
voda,5
quoting,5
locations,5
must,5
local,5
luv,5
wwwtcbiz,5
partner,5
start,5
singles,5
sim,5
themob,5
selection,5
sport,5
december,5
mths+,5
sonyericsson,5
gbp,5
eve,5
poboxwwq,5
contacted,5
activate,5
member,5
xpwk,5
immediately,5
book,5
polyphonic,5
wwwcomuknet,5
login,5
talk,5
friends,5
cds,5
records,5
girls,5
videophones,5
videochat,5
wid,5
java,5
dload,5
noline,5
rentl,5
girl,5
cant,5
revealed,5
invited,5
xchat,5
surprise,5
place,5
lets,5
å¼wk,5
ptone,5
+only,5
linerental,5
reach,5
eerie,5
rply,5
computer,5
fone,5
official,5
inclusive,5
ringtones,5
spook,5
fantasy,5
crazy,5
cancel,5
minutes,5
tkts,4
rcv,4
subscription,4
correct,4
review,4
trip,4
app,4
country,4
ansr,4
sptyrone,4
largest,4
eca,4
nothing,4
netcollex,4
flirt,4
wwwldewcomwinppmxage,4
card,4
ends,4
check,4
think,4
reference,4
logo,4
close,4
post,4
wcnxx,4
loan,4
purpose,4
tenants,4
refused,4
cwwx,4
conditions,4
ring,4
daily,4
forwarded,4
txtauction,4
break,4
muz,4
qxj,4
reveal,4
cust,4
remove,4
ibiza,4
vip,4
address,4
cheap,4
money,4
away,4
getting,4
contract,4
registered,4
subscriber,4
bored,4
future,4
takes,4
rally,4
delivered,4
txtin,4
wwwringtonescouk,4
original,4
question,4
pmsgrcvdhgsuitelandsrowwjhl,4
nite,4
hope,4
brand,4
london,4
moby,4
action,4
going,4
bahamas,4
alert,4
exciting,4
would,4
theres,4
done,4
freefone,4
starting,4
yer,4
eng,4
wwx,4
starts,4
month,4
ntwk,4
ref,4
sky,4
adult,4
hit,4
stoptxt,4
youve,4
show,4
porn,4
fromm,4
picked,4
santa,4
six,3
team,3
cinema,3
suprman,3
matrix,3
starwars,3
bxipwe,3
pleased,3
advise,3
recent,3
hear,3
comes,3
simply,3
password,3
mix,3
verify,3
laid,3
download,3
gbpmtmsg,3
dream,3
soon,3
followed,3
sam,3
pence,3
pwk,3
genuine,3
infowwwpercentrealcom,3
tmobile,3
upgrade,3
newest,3
gbpweek,3
germany,3
via,3
valentines,3
available,3
mobilesdirect,3
orstoptxt,3
true,3
competition,3
heart,3
ave,3
bcm,3
homeowners,3
previously,3
notice,3
tcsstop,3
ibhltd,3
ldnwh,3
mono,3
boxqu,3
kick,3
kept,3
results,3
postcode,3
work,3
textoperator,3
maxå¼,3
subscribed,3
paris,3
city,3
skilgme,3
ever,3
life,3
subpoly,3
php,3
comuk,3
alfie,3
moons,3
children,3
song,3
nokias,3
profit,3
recd,3
five,3
supply,3
hello,3
liverpool,3
male,3
tcrw,3
validhrs,3
polyph,3
fancies,3
people,3
receipt,3
yesterday,3
many,3
hgsuitelandsrowwjhl,3
energy,3
celeb,3
pocketbabecouk,3
voicemail,3
choice,3
lions,3
saucy,3
photo,3
arsenal,3
alone,3
xxxxxxxxx,3
high,3
shortly,3
stay,3
title,3
titles,3
bill,3
sorry,3
ordered,3
hard,3
biggest,3
tour,3
tickets,3
chosen,3
buy,3
press,3
settings,3
purchase,3
costs,3
xxxxxxx,3
abta,3
right,3
helpp,3
provided,3
downloads,3
members,3
boxnqp,3
subs,3
pix,3
cross,3
heard,3
rude,3
halloween,3
logopic,3
town,3
amazing,3
look,3
sept,3
king,3
super,3
little,3
deliveredtomorrow,3
billed,3
truly,3
wont,3
save,3
callback,3
nat,3
wks,3
questionstd,2
ratetcs,2
overs,2
darling,2
receivea,2
chances,2
csh,2
pday,2
tsandcs,2
membership,2
jackpot,2
wwwdbuknet,2
lccltd,2
ldnwarw,2
sptv,2
eurodisinc,2
trav,2
acoentry,2
dis,2
+å¼morefrmmob,2
shracomorsglsuplt,2
collected,2
usher,2
britney,2
fml,2
gent,2
algarve,2
tonight,2
pmsgp,2
hardcore,2
randy,2
arrange,2
unique,2
enough,2
august,2
todayfrom,2
horo,2
star,2
sign,2
networks,2
chart,2
quality,2
blind,2
dates,2
babes,2
fixed,2
prepayment,2
lifetime,2
updatenow,2
calloptoutndx,2
boxskch,2
wwwtxttowincouk,2
lover,2
names,2
joined,2
mobno,2
adam,2
yahoo,2
txtno,2
ads,2
july,2
dave,2
wwwcom,2
cha,2
channel,2
web,2
claims,2
wwwtxtshopcom,2
lines,2
promo,2
ladies,2
textbuddy,2
search,2
gaytextbuddycom,2
httpwwwetlpcoukexpressoffer,2
rstm,2
premium,2
old,2
tcsbcmwcnxx,2
callcost,2
mobilesvary,2
email,2
listen,2
offerthe,2
tctxt,2
pmtmsg,2
helpline,2
around,2
premier,2
nights,2
tscswinawkage,2
å¼perwksub,2
community,2
psms,2
cashto,2
getstop,2
discreet,2
wwwsmsconet,2
xxxxxx,2
drop,2
travel,2
crbt,2
fixedline,2
played,2
mid,2
reminder,2
cheaper,2
peak,2
lux,2
company,2
filthy,2
somebody,2
secretly,2
dateboxessexcmxn,2
lshb,2
chatting,2
kickoff,2
informed,2
eastenders,2
flower,2
dot,2
compare,2
violet,2
tulip,2
lily,2
wkentp+,2
lots,2
mbp,2
warranty,2
på¼,2
speedchat,2
wish,2
wwwtxtcom,2
forget,2
fil,2
wrc,2
lucozade,2
packs,2
lucozadecoukwrc,2
itcould,2
jordan,2
wwwldewcomsubs+winppmx,2
nok,2
wwwtextcompcom,2
hungry,2
feeling,2
callså¼minmoremobsemspoboxpowa,2
jamster,2
lionm,2
lionp,2
potter,2
phoenix,2
harry,2
among,2
readers,2
balance,2
freeday,2
georges,2
jordantxt,2
bears,2
upload,2
calloptoutlf,2
wwwldewcom,2
textpod,2
wwwtextpodnet,2
claire,2
costing,2
lucy,2
fri,2
leave,2
callså¼minmobsmorelkpoboxhpfl,2
jsco,2
sing,2
british,2
hotels,2
swss,2
dracula,2
ghost,2
addamsfa,2
munsters,2
exorcist,2
twilight,2
msgp,2
hlp,2
wwwmovietriviatv,2
wiv,2
married,2
received,2
ringtoneget,2
freesend,2
weekstop,2
connect,2
bcmwcnxx,2
wow,2
boys,2
callfreefone,2
cruise,2
ofå¼,2
ibh,2
txtauctiontxt,2
wordstart,2
nowt,2
space,2
invaders,2
orig,2
console,2
ocoukgames,2
big,2
foley,2
prizes,2
eye,2
wwwwincouk,2
straight,2
wet,2
gga,2
upto,2
btooth,2
tells,2
personal,2
prompts,2
careful,2
enjoyed,2
tonesyoucouk,2
aom,2
gender,2
hols,2
stamped,2
self,2
envelope,2
drinks,2
bray,2
wicklow,2
eire,2
wwwidewcom,2
skillgame,2
winaweek,2
ppermesssubscription,2
satisfy,2
home,2
term,2
gettin,2
shagged,2
lost,2
oranges,2
upd,2
mailbox,2
messaging,2
retrieve,2
pub,2
quizwin,2
street,2
duchess,2
cornwall,2
football,2
gamestar,2
active,2
å¼k,2
scoring,2
register,2
nowsky,2
baby,2
aclpm,2
brought,2
picsfree,2
follow,2
instructions,2
knock,2
pmtmsgrcvd,2
norm,2
å¼msg,2
include,2
sports,2
str,2
fastest,2
growing,2
luxury,2
canary,2
islands,2
burger,2
interflora,2
everyone,2
since,2
warm,2
mad,2
reality,2
yet,2
youre,2
driving,2
improved,2
msgsp,2
visionsmscom,2
lotr,2
removal,2
lookatme,2
poboxwtgp,2
missed,2
charges,2
cameravideo,2
movie,2
films,2
bloomberg,2
center,2
wait,2
httpcareers,2
bloombergcom,2
meet+greet,2
westlife,2
unbreakable,2
untamed,2
unkempt,2
+std,2
bank,2
granite,2
issues,2
strongbuy,2
explosive,2
pick,2
nasdaq,2
symbol,2
cdgt,2
thurs,2
sat,2
believe,2
incredible,2
learn,2
things,2
blow,2
mind,2
ofwd,2
ptxt,2
tonights,2
recently,2
unable,2
reschedule,2
class,2
using,2
mila,2
blonde,2
mtalk,2
pptxt,2
increments,2
funk,2
tonesu,2
iscoming,2
tnc,2
blu,2
httptms,2
widelivecomindex,2
calloptout,2
housewives,2
btnational,2
landlines,2
receiving,2
film,2
current,2
spanish,2
indicate,2
accident,2
dayfind,2
natalja,2
wwwsmsacunat,2
sending,2
polyh,2
another,2
polo,2
suite,2
busy,2
explicit,2
secs,2
mnths,2
subscribegbpmnth,2
stoptxtstop,2
randomly,2
loyal,2
customers,2
support,2
ones,2
warner,2
village,2
goal,2
henry,2
added,2
donate,2
wallpaper,2
due,2
garden,2
bulbs,2
seeds,2
scotsman,2
notxtcouk,2
maybe,2
mxy,2
chgs,1
xxxmobilemovieclub,1
httpwap,1
xxxmobilemovieclubcomnqjkgighjjgcbl,1
macedonia,1
goalsteam,1
trywales,1
scotland,1
txtì¼,1
poboxoxwwq,1
å¼month,1
confirm,1
rodger,1
burns,1
jersey,1
devils,1
detroit,1
red,1
wings,1
ice,1
hockey,1
incorrect,1
divorce,1
barbie,1
kens,1
stuff,1
boxwrc,1
gravel,1
youll,1
svc,1
havent,1
replied,1
female,1
annoncement,1
bootydelious,1
wwwsmsacubootydelious,1
bangbabes,1
way,1
bangb,1
internetservice,1
menu,1
wwwareyouuniquecouk,1
career,1
flyng,1
aries,1
recdthirtyeight,1
really,1
naked,1
changed,1
clubmobilescom,1
pay,1
thfebtcs,1
rodds,1
aberdeen,1
united,1
kingdom,1
httpimg,1
acwicmbcktzr,1
hide,1
gossip,1
fit,1
funky,1
smart,1
nowtcs,1
winnersclub,1
shag,1
dointerested,1
sextextukcom,1
xxuk,1
suzy,1
website,1
calloptoutfq,1
wwwregalportfoliocouk,1
xå¼pw,1
eå¼nd,1
poboxntfp,1
upgrdcentre,1
okmail,1
moan,1
pmtmsgrcvd+,1
boltblue,1
slide,1
yeah,1
slow,1
jamz,1
toxic,1
topped,1
httpwwwbubbletextcom,1
renewal,1
pin,1
tgxxrz,1
recieve,1
teletext,1
wwwapplausestorecom,1
monthlysubscriptionpmsg,1
maxmonth,1
tcsc,1
textand,1
xclusiveclubsaisai,1
morow,1
soiree,1
speciale,1
zouk,1
nichols,1
parisfree,1
roses,1
removed,1
sun,1
posts,1
helloyou,1
seem,1
cool,1
lapdancer,1
bedroom,1
ppmsg,1
ngage,1
deck,1
wwwcnupdatescomnewsletter,1
alerts,1
alertfrom,1
jeri,1
stewartsize,1
kbsubject,1
lowcost,1
prescripiton,1
drvgsto,1
realize,1
thousands,1
running,1
tattoos,1
romantic,1
unclaimed,1
closingdate,1
claimcode,1
å¼pmmorefrommobilebremovedmobypoboxlsyf,1
thought,1
living,1
perfect,1
toppoly,1
tune,1
pole,1
thmarch,1
availa,1
outbid,1
simonwatson,1
shinco,1
plyr,1
acsmsrewards,1
notifications,1
smsservices,1
yourinclusive,1
wed,1
voucherstext,1
nowsavamobmember,1
fall,1
worlds,1
virgin,1
mystery,1
å¼pm,1
approx,1
posh,1
birds,1
chaps,1
trial,1
prods,1
champneys,1
put,1
dob,1
stopsms,1
downloaded,1
already,1
paid,1
httpdoit,1
mymoby,1
lastest,1
stereophonics,1
marley,1
dizzee,1
racal,1
libertines,1
strokes,1
nookii,1
bookmark,1
january,1
å¼million,1
pptx+normal,1
wtjy,1
matthew,1
touch,1
folks,1
stories,1
panasonic,1
bluetoothhdset,1
doublemins,1
doubletxt,1
flirting,1
bloke,1
zoe,1
wwwflirtpartyus,1
replys,1
elvis,1
presleys,1
birthday,1
speed,1
swap,1
chatter,1
rcd,1
taking,1
survey,1
however,1
requests,1
stchoicecouk,1
thank,1
notified,1
marketing,1
virgins,1
sexual,1
cute,1
å¼p,1
exp,1
apr,1
completely,1
accommodation,1
various,1
global,1
wwwphbcom,1
set,1
moro,1
jane,1
videosound,1
gold,1
videosounds+,1
logos+musicnews,1
jamstercouk,1
‰ûïharry,1
sang,1
uptown,1
nick,1
tom,1
dick,1
fact,1
types,1
winppmxage,1
dartboard,1
condition,1
doubles,1
trebles,1
optin,1
whats,1
bbc,1
charts,1
summers,1
finally,1
matched,1
havin,1
borin,1
bought,1
offering,1
latests,1
wordcollect,1
tcllc,1
nyusa,1
pmt,1
msgrcvd+,1
hubby,1
meetins,1
cumin,1
credited,1
wwwbiz,1
leadership,1
skills,1
strong,1
psychic,1
wquestion,1
vote,1
along,1
stars,1
karaoke,1
install,1
browse,1
artists,1
wwworangecoukow,1
olympics,1
rtking,1
pro,1
inforingtonekingcouk,1
redeemable,1
wwwringtonekingcouk,1
anetworks,1
allow,1
companies,1
responsible,1
suppliers,1
freemsgfeelin,1
kinda,1
lnly,1
jst,1
pictxt,1
rgent,1
lookin,1
daytime,1
busty,1
woman,1
sort,1
janinexx,1
monthly,1
mobsicom,1
four,1
digits,1
sufficient,1
prebook,1
trackmarque,1
infovipclubu,1
mandy,1
sullivan,1
hotmix,1
fmyou,1
easter,1
drawplease,1
telephone,1
transferred,1
else,1
conacted,1
youto,1
poboxntf,1
brother,1
cro,1
å¼award,1
hottest,1
wanting,1
hack,1
backdoor,1
rooms,1
fraction,1
neo,1
subscribe,1
dps,1
xnet,1
minstxtmth,1
optoutdwv,1
prizeto,1
nearly,1
banned,1
extreme,1
dirty,1
office,1
total,1
privacy,1
knows,1
sic,1
listening,1
videopic,1
fones,1
wild,1
hurry,1
prcvd,1
stopstop,1
rpl,1
cnl,1
vpod,1
minded,1
evening,1
aå¼,1
minapn,1
lsbb,1
fifa,1
world,1
held,1
yohere,1
open,1
skillgamewinaweek,1
ageppermesssubscription,1
cast,1
gbpmonth,1
boxm,1
ages,1
wither,1
egf,1
egg,1
messagestext,1
nowuse,1
webmobile,1
txtcom,1
lawu,1
txtx,1
ringtonereply,1
marsms,1
wwwbutelecom,1
buffy,1
qlynnbv,1
bundle,1
deals,1
avble,1
calloptoutj,1
goten,1
bout,1
scammers,1
smartthough,1
regular,1
respond,1
prem,1
msgsubscription,1
used,1
beware,1
morro,1
passion,1
dena,1
å¼minmobsmorelkpoboxhpfl,1
splashmobile,1
subscrition,1
stoptx,1
arrow,1
tddnewsletteremccouk,1
thedailydraw,1
helen,1
dozens,1
prizeswith,1
nqp,1
freenokia,1
oroptouthvd,1
restrictions,1
buddys,1
sir,1
expired,1
resub,1
monoc,1
monos,1
polyc,1
stream,1
draws,1
becausethey,1
wrg,1
nasty,1
thing,1
filthyguys,1
bitch,1
slo,1
slomsgs,1
gotto,1
comukcm,1
ithis,1
created,1
page,1
wwwasjesuscom,1
read,1
wrote,1
opinions,1
wwwmusictrivianet,1
sppok,1
complementary,1
sender,1
hol,1
hvae,1
poboxtcrw,1
logos,1
infotxtcouk,1
mini,1
snap,1
quizclub,1
sprwm,1
gmw,1
connected,1
keyword,1
ten,1
tarot,1
horniest,1
nytecalpmsgp,1
whose,1
wwwtklscom,1
stoptxtstopå¼week,1
ccpmin,1
park,1
response,1
mcflyall,1
sara,1
jorgeshock,1
smithswitch,1
fans,1
txtp,1
europe,1
bannfwflyppm,1
maq,1
‰ûï,1
james,1
ehrr,1
women,1
instantly,1
bcmsfwcnxx,1
footy,1
stadium,1
large,1
cocacola,1
walk,1
child,1
afraid,1
dark,1
become,1
teenager,1
wants,1
u‰ûºve,1
instant,1
wins,1
å¼å¼,1
fav,1
tonesreply,1
mobs,1
breathe,1
crazyin,1
sleepingwith,1
finest,1
ymca,1
getzedcouk,1
poboxowwq,1
åòits,1
late,1
flowers,1
christmas,1
midnight,1
romcapspam,1
responding,1
presence,1
outgoing,1
bringing,1
breath,1
freemessage,1
jamsterget,1
frog,1
sound,1
sounds,1
stopbcm,1
pdatenow,1
calloptoutyhl,1
package,1
resubmit,1
request,1
expiry,1
anyone,1
slower,1
idiot,1
faster,1
maniac,1
calloptoutqf,1
professional,1
tiger,1
woods,1
minscall,1
calloptoutjq,1
chrgdp,1
exit,1
unsubscribed,1
tons,1
hunks,1
httpgotbabescouk,1
subscriptions,1
abroad,1
lonely,1
xxsp,1
stopcost,1
agent,1
loads,1
goodies,1
mat,1
lord,1
ringsreturn,1
nowreply,1
june,1
soundtrack,1
stdtxtrate,1
feb,1
classic,1
nokiap,1
polyp,1
clip,1
better,1
mmsto,1
vat,1
httpwwwetlpcoukreward,1
skilgmetscswinawkage+å¼perwksub,1
hava,1
rct,1
thnq,1
adrian,1
rgds,1
vatian,1
needs,1
lose,1
boxskwpppm+,1
msgwe,1
mistake,1
shortcode,1
refundedthis,1
never,1
much,1
came,1
made,1
gbpsms,1
deltomorrow,1
begin,1
smartcall,1
subscriptngbpwk,1
landlineonly,1
å¼s,1
textsweekend,1
orno,1
fink,1
promised,1
carlie,1
callså¼minmobsmore,1
lkpoboxhpfl,1
wedding,1
lingerie,1
wwwbridalpetticoatdreamscouk,1
superb,1
weddingfriend,1
knickers,1
beg,1
nikiyunet,1
dorothykiefercom,1
ppmpoboxbhambxe,1
theyre,1
selling,1
fast,1
rock,1
chik,1
filth,1
saristar,1
wirenet,1
stterms,1
mobcudb,1
boxcpm,1
banneduk,1
round,1
highest,1
maximum,1
bids,1
flight,1
wwwrtfsphostingcom,1
willing,1
strt,1
ltdhelpdesk,1
mytonecomenjoy,1
html,1
mfl,1
wamma,1
laidwant,1
doggin,1
dogs,1
nownyt,1
promotion,1
colourred,1
txtstar,1
wildest,1
tfp,1
airport,1
lounge,1
passes,1
booking,1
quote,1
sxy,1
mobstorequizppm,1
twinks,1
scallies,1
skins,1
jocks,1
row,1
concert,1
november,1
costå¼max,1
single,1
nowsend,1
cncl,1
stopcs,1
åòharry,1
ringtonefrom,1
wmlidbaeceffffirsttruejul,1
god,1
ive,1
found,1
glad,1
xafter,1
cst,1
chg,1
picture,1
httpaltocoukwavewaveaspo,1
calloptouthf,1
xxxxx,1
pushbutton,1
dontcha,1
babygoodbye,1
golddigger,1
webeburnin,1
gnarls,1
barkleys,1
totally,1
secured,1
unsecured,1
ringtoneking,1
triple,1
echo,1
dial,1
xyour,1
accessible,1
å¼week,1
poboxldns,1
tbspersolvo,1
chasing,1
forå¼,1
definitely,1
paying,1
ignore,1
kath,1
manchester,1
loans,1
bad,1
noworriesloanscom,1
season,1
goals,1
villa,1
brings,1
heroes,1
tips,1
gsoh,1
spam,1
ladiesu,1
gigolo,1
mens,1
oncall,1
mjzgroup,1
msgå¼rcvd,1
ukp,1
spjanuary,1
simpsons,1
released,1
band,1
died,1
agreen,1
bblue,1
cred,1
amanda,1
regard,1
renewing,1
upgrading,1
tel,1
subject,1
httpwwwwtlpcouktext,1
cmon,1
turn,1
sticky,1
replies,1
prizeawaiting,1
called,1
left,1
colours,1
normal,1
gprs,1
accordingly,1
repeat,1
block,1
breaker,1
deluxe,1
format,1
features,1
graphics,1
bbdeluxe,1
challenge,1
kit,1
strip,1
oja,1
thesmszonecom,1
anonymous,1
masked,1
messagesim,1
theredo,1
potential,1
abuse,1
shy,1
complete,1
landmark,1
bob,1
barry,1
tonexs,1
renewed,1
wwwclubzedcouk,1
billing,1
recpt,1
processed,1
subscribers,1
headset,1
adp,1
floppy,1
snappy,1
happy,1
ukmobiledate,1
giving,1
mgs,1
+å¼,1
proze,1
norcorp,1
ltdå¼mtmsgrcvd+,1
items,1
cfcaa,1
wining,1
wot,1
cock,1
hubbys,1
wife,1
strings,1
rec,1
å¼ea,1
otbox,1
sexiest,1
dirtiest,1
chatim,1
utxt,1
laugh,1
chitchat,1
logon,1
å¼call,1
tcsbcmwcnxxcallcostppmmobilesvary,1
stopsmsppm,1
recorder,1
canname,1
capital,1
australia,1
mquiz,1
ripped,1
wwwclubmobycom,1
polytruepixringtonesgames,1
chloe,1
smashed,1
missing,1
ptext,1
rayman,1
golf,1
activ,1
key,1
termsapply,1
minstexts,1
coolmob,1
frogaxel,1
akonlonely,1
black,1
eyeddont,1
cashbincouk,1
wwwcashbincouk,1
continued,1
president,1
callsppm,1
wwwsantacallingcom,1
videos,1
smsshsexnetun,1
fgkslpopw,1
fgkslpo,1
messagethanks,1
pmsgrcvd,1
skip,1
customercare,1
lyricalladief,1
wwwsmsacuhmmross,1
colin,1
farrell,1
swat,1
wkend,1
popcornjust,1
msg+ticketkioskvalid,1
kiosk,1
mre,1
scores,1
simple,1
shot,1
yards,1
bergkamp,1
margin,1
sexychat,1
amy,1
couple,1
parties,1
select,1
benefits,1
trained,1
advisors,1
dialling,1
meal,1
dining,1
experiencehttpwwwvouchmecometlpdiningasp,1
unicefs,1
asian,1
tsunami,1
disaster,1
fund,1
texting,1
goldviking,1
wwwsmsacugoldviking,1
phony,1
xxxx,1
freeentry,1
pmeg,1
codexx,1
deepest,1
darkest,1
natalie,1
wwwsmsacunataliek,1
accommodationvouchers,1
mustprovide,1
winawk,1
å¼perweeksub,1
pink,1
panther,1
sugababes,1
zebra,1
animation,1
badass,1
hoody,1
wallpaperall,1
resent,1
previous,1
failed,1
error,1
queries,1
customersqueriesnetvisionukcom,1
vco,1
ree,1
compensation,1
wwwtelediscountcouk,1
someonone,1
wwwldewcomwinppmxagesubscription,1
textcomp,1
follows,1
subsequent,1
chargedpmsg,1
erotic,1
ecstacy,1
dept,1
datingi,1
two,1
started,1
radio,1
connection,1
coincidence,1
leading,1
pause,1
grprizes,1
psp,1
wktxt,1
httpwwwgrprizescom,1
legitimat,1
efreefone,1
police,1
station,1
toilet,1
stolen,1
cops,1
sparkling,1
breaks,1
person,1
wwwshortbreaksorguk,1
wwwgambtv,1
wmlidadafirsttrueåác,1
ringtoneåá,1
planettalkinstantcom,1
marvel,1
ultimate,1
spiderman,1
spider,1
ball,1
gsex,1
wcn,1
chatlines,1
inclu,1
india,1
servs,1
sed,1
ler,1
mega,1
giv,1
shit,1
bailiff,1
house,1